topmostSubform[0].Page1[0].#area[0].T59[0], valid-date
topmostSubform[0].Page1[0].#area[0].T57[0], passport-issue-org
topmostSubform[0].Page1[0].T49[0], passport
topmostSubform[0].Page1[0].T50[0], nationality
topmostSubform[0].Page1[0].#area[1].#area[2].RB3[0], passport-type
topmostSubform[0].Page1[0].T37[0], ID
topmostSubform[0].Page1[0].#area[3].#area[4].T14[0], birthday
topmostSubform[0].Page1[0].#area[3].#area[4].T16[0], birth-place
topmostSubform[0].Page1[0].#area[5].#area[6].#area[7].RB1[0], gender
topmostSubform[0].Page1[0].#area[8].RB2[0], marital-status
topmostSubform[0].Page1[0].T34[0], former-nationality
topmostSubform[0].Page1[0].#area[9].T53[0], issue-date
topmostSubform[0].Page1[0].#area[9].T57[1], passport-issue-place
topmostSubform[0].Page1[0].#area[10].T2[0], surname-en
topmostSubform[0].Page1[0].#area[10].tyuubun[0], surname-zh
topmostSubform[0].Page1[0].#area[11].T7[0], lastname-en
topmostSubform[0].Page1[0].#area[11].tyuubun[1], lastname-zh
topmostSubform[0].Page1[0].#area[12].T16[1], undefined
topmostSubform[0].Page1[0].#area[12].tyuubun[2], undefined
topmostSubform[0].Page1[0].emp_adr[0], company-address
topmostSubform[0].Page1[0].#area[13].#area[14].emp_tel[0], company-tel
topmostSubform[0].Page1[0].#area[13].#area[14].emp_name[0], company-name
topmostSubform[0].Page1[0].T62[0], purpose
topmostSubform[0].Page1[0].T64[0], last-ducation-in-japan
topmostSubform[0].Page1[0].T66[0], duration
topmostSubform[0].Page1[0].#area[15].#area[16].T68[0], entry-port
topmostSubform[0].Page1[0].#area[15].#area[16].T68[1], airline
topmostSubform[0].Page1[0].#area[17].#area[18].T97[0], undefined
topmostSubform[0].Page1[0].#area[17].#area[18].T3[0], mobile
topmostSubform[0].Page1[0].T5[0], career-title
topmostSubform[0].Page1[0].T0[1], home-address
topmostSubform[0].Page1[0].emp_adr[1], hotel-address
topmostSubform[0].Page1[0].#area[19].#area[20].emp_tel[1], hotel-tel
topmostSubform[0].Page1[0].#area[19].#area[20].emp_name[1], hotel-name
topmostSubform[0].Page1[0].#area[21].T68[2], start-date
topmostSubform[0].Page1[0].#area[21].T68[3], end-date
topmostSubform[0].Page1[0].T3[1], email
topmostSubform[0].Page1[0].テキストフィールド1[0], undefined
topmostSubform[0].Page2[0].guarantor_adr[0], guarantor-address-en
topmostSubform[0].Page2[0].#area[0].guarantor_name[0], guarantor-name-en
topmostSubform[0].Page2[0].#area[0].guarantor_tel[0], guarant-tel
topmostSubform[0].Page2[0].#area[1].#area[2].T14[0], guarantor-birth
topmostSubform[0].Page2[0].#area[1].T25[0], guarantor-relation
topmostSubform[0].Page2[0].#area[1].T5[0], guarantor-title
topmostSubform[0].Page2[0].#area[1].T5[1], guarantor-nationality-visa
topmostSubform[0].Page2[0].#area[1].RB1[0], guarantor-gender
topmostSubform[0].Page2[0].T16[1], undefined
topmostSubform[0].Page2[0].#area[4].T14[1], invitor-birthday
topmostSubform[0].Page2[0].T25[1], invitor-relation
topmostSubform[0].Page2[0].T23[0], invitor-address
topmostSubform[0].Page2[0].#area[5].T19[0], invitor-name
topmostSubform[0].Page2[0].#area[5].T10[0], invitor-tel
topmostSubform[0].Page2[0].T5[2], invitor-nationalty-visa
topmostSubform[0].Page2[0].T5[3], invitor-title
topmostSubform[0].Page2[0].RB1[1], inviter-gender
topmostSubform[0].Page2[0].T28[0], undefined
topmostSubform[0].Page2[0].T150[0], application-date
topmostSubform[0].Page2[0].#area[7].RB5[0], is-sentenced
topmostSubform[0].Page2[0].#area[8].RB5[1], is-deported
topmostSubform[0].Page2[0].#area[9].RB5[2], is-convicted
topmostSubform[0].Page2[0].#area[10].RB5[3], is-prostituted
topmostSubform[0].Page2[0].#area[11].RB5[4], is-trafficked
topmostSubform[0].Page2[0].T28[1], undefined
topmostSubform[0].Page2[0].#area[12].#area[13].#area[14].RB5[5], is-crimed
topmostSubform[0].Page2[0].T19[1], guarantor-name-zh
topmostSubform[0].Page2[0].T23[1], guarantor-address-zh
